{
  "hash": "afa496c8",
  "configHash": "ad1b87ca",
  "lockfileHash": "0d0874ca",
  "browserHash": "8bf26fd3",
  "optimized": {
    "@angular/common": {
      "src": "../../../../../node_modules/@angular/common/fesm2022/common.mjs",
      "file": "@angular_common.js",
      "fileHash": "d048e6b1",
      "needsInterop": false
    },
    "@angular/core": {
      "src": "../../../../../node_modules/@angular/core/fesm2022/core.mjs",
      "file": "@angular_core.js",
      "fileHash": "4f56ed1e",
      "needsInterop": false
    },
    "@angular/forms": {
      "src": "../../../../../node_modules/@angular/forms/fesm2022/forms.mjs",
      "file": "@angular_forms.js",
      "fileHash": "5af0002c",
      "needsInterop": false
    },
    "@angular/platform-browser": {
      "src": "../../../../../node_modules/@angular/platform-browser/fesm2022/platform-browser.mjs",
      "file": "@angular_platform-browser.js",
      "fileHash": "a971a6bf",
      "needsInterop": false
    },
    "@angular/router": {
      "src": "../../../../../node_modules/@angular/router/fesm2022/router.mjs",
      "file": "@angular_router.js",
      "fileHash": "dce45649",
      "needsInterop": false
    }
  },
  "chunks": {
    "chunk-LRX27VXR": {
      "file": "chunk-LRX27VXR.js"
    },
    "chunk-I57INRUT": {
      "file": "chunk-I57INRUT.js"
    },
    "chunk-3XWGUD7K": {
      "file": "chunk-3XWGUD7K.js"
    }
  }
}